{
    "rmse": 1.2024685909515438,
    "mse": 1.445930712224991,
    "mae": 0.6862250732141547,
    "max": 3.1921669917646796,
    "lp4": 0.32654229429364423,
    "rrmse": 0.031294498248751974
}