{
    "rmse": 71.1206008463576,
    "mse": 5058.139864746922,
    "mae": 54.90239384710718,
    "max": 269.7693781588422,
    "lp4": 0.5538384557609273,
    "rrmse": 0.18851364878310337
}